Name|md5|Machine|SizeOfOptionalHeader|Characteristics|MajorLinkerVersion|MinorLinkerVersion|SizeOfCode|SizeOfInitializedData|SizeOfUninitializedData|AddressOfEntryPoint|BaseOfCode|BaseOfData|ImageBase|SectionAlignment|FileAlignment|MajorOperatingSystemVersion|MinorOperatingSystemVersion|MajorImageVersion|MinorImageVersion|MajorSubsystemVersion|MinorSubsystemVersion|SizeOfImage|SizeOfHeaders|CheckSum|Subsystem|DllCharacteristics|SizeOfStackReserve|SizeOfStackCommit|SizeOfHeapReserve|SizeOfHeapCommit|LoaderFlags|NumberOfRvaAndSizes|SectionsNb|SectionsMeanEntropy|SectionsMinEntropy|SectionsMaxEntropy|SectionsMeanRawsize|SectionsMinRawsize|SectionMaxRawsize|SectionsMeanVirtualsize|SectionsMinVirtualsize|SectionMaxVirtualsize|ImportsNbDLL|ImportsNb|ImportsNbOrdinal|ExportNb|ResourcesNb|ResourcesMeanEntropy|ResourcesMinEntropy|ResourcesMaxEntropy|ResourcesMeanSize|ResourcesMinSize|ResourcesMaxSize|LoadConfigurationSize|VersionInformationSize|legitimate
api-ms-win-core-console-l1-1-0.dll|bcbfcd896e50e591b22e237c903fb523|332|224|8450|12|10|1536|1024|0|0|4096|8192|268435456|4096|512|10|0|10|0|10|0|12288|1024|48233|3|1344|262144|4096|1048576|4096|0|16|2|0|0|0|14|1|0|0|0|0|0|0|0|0|1
api-ms-win-core-datetime-l1-1-0.dll|aab52e0385a66e157bb440cb5e3cd3db|332|224|8450|12|10|1024|1024|0|0|4096|8192|268435456|4096|512|10|0|10|0|10|0|12288|1024|37464|3|1344|262144|4096|1048576|4096|0|16|2|0|0|0|4|1|0|0|0|0|0|0|0|0|1
api-ms-win-core-debug-l1-1-0.dll|f97b671fac0baebca98059a9b099c4f9|332|224|8450|12|10|1024|1024|0|0|4096|8192|268435456|4096|512|10|0|10|0|10|0|12288|1024|34571|3|1344|262144|4096|1048576|4096|0|16|2|0|0|0|4|1|0|0|0|0|0|0|0|0|1
api-ms-win-core-errorhandling-l1-1-0.dll|7c1f03e83bcafe58ff99b3abb9e7de43|332|224|8450|12|10|1024|1024|0|0|4096|8192|268435456|4096|512|10|0|10|0|10|0|12288|1024|32126|3|1344|262144|4096|1048576|4096|0|16|2|0|0|0|7|1|0|0|0|0|0|0|0|0|1
api-ms-win-core-file-l1-1-0.dll|350e52ba8f75e06b370e7d7b60c97c7f|332|224|8450|12|10|4608|1024|0|0|4096|12288|268435456|4096|512|10|0|10|0|10|0|16384|1024|66238|3|1344|262144|4096|1048576|4096|0|16|2|0|0|0|75|1|0|0|0|0|0|0|0|0|1
api-ms-win-core-file-l1-2-0.dll|856be91f8f44394cf92be1af50530521|332|224|8450|12|10|1024|1024|0|0|4096|8192|268435456|4096|512|10|0|10|0|10|0|12288|1024|25233|3|1344|262144|4096|1048576|4096|0|16|2|0|0|0|4|1|0|0|0|0|0|0|0|0|1
api-ms-win-core-file-l2-1-0.dll|15f59e829f9f2020e9c47a10deee718c|332|224|8450|12|10|1024|1024|0|0|4096|8192|268435456|4096|512|10|0|10|0|10|0|12288|1024|21414|3|1344|262144|4096|1048576|4096|0|16|2|0|0|0|11|1|0|0|0|0|0|0|0|0|1
api-ms-win-core-handle-l1-1-0.dll|b801c68f8146904adb86869f5c3477a5|332|224|8450|12|10|1024|1024|0|0|4096|8192|268435456|4096|512|10|0|10|0|10|0|12288|1024|30064|3|1344|262144|4096|1048576|4096|0|16|2|0|0|0|5|1|0|0|0|0|0|0|0|0|1
api-ms-win-core-heap-l1-1-0.dll|db5013d1a02d899314b9518da6d0b2e0|332|224|8450|12|10|1536|1024|0|0|4096|8192|268435456|4096|512|10|0|10|0|10|0|12288|1024|67495|3|1344|262144|4096|1048576|4096|0|16|2|0|0|0|16|1|0|0|0|0|0|0|0|0|1
api-ms-win-core-interlocked-l1-1-0.dll|86e369bd8455272049bb60a53624aeee|332|224|8450|12|10|1536|1024|0|0|4096|8192|268435456|4096|512|10|0|10|0|10|0|12288|1024|23051|3|1344|262144|4096|1048576|4096|0|16|2|0|0|0|11|1|0|0|0|0|0|0|0|0|1
api-ms-win-core-libraryloader-l1-1-0.dll|f72de8f45343b9f0135f4d71a3b67fc2|332|224|8450|12|10|1536|1024|0|0|4096|8192|268435456|4096|512|10|0|10|0|10|0|12288|1024|74271|3|1344|262144|4096|1048576|4096|0|16|2|0|0|0|18|1|0|0|0|0|0|0|0|0|1
api-ms-win-core-localization-l1-2-0.dll|a675093b0d146773b5a2010a0adfd021|332|224|8450|12|10|3584|1024|0|0|4096|8192|268435456|4096|512|10|0|10|0|10|0|12288|1024|23122|3|1344|262144|4096|1048576|4096|0|16|2|0|0|0|59|1|0|0|0|0|0|0|0|0|1
api-ms-win-core-memory-l1-1-0.dll|ce7d62974e002ed7736117fce3d25b38|332|224|8450|12|10|1536|1024|0|0|4096|8192|268435456|4096|512|10|0|10|0|10|0|12288|1024|66824|3|1344|262144|4096|1048576|4096|0|16|2|0|0|0|16|1|0|0|0|0|0|0|0|0|1
api-ms-win-core-namedpipe-l1-1-0.dll|ebceb63468278a061ce4b95d12d723c5|332|224|8450|12|10|1024|1024|0|0|4096|8192|268435456|4096|512|10|0|10|0|10|0|12288|1024|64439|3|1344|262144|4096|1048576|4096|0|16|2|0|0|0|10|1|0|0|0|0|0|0|0|0|1
api-ms-win-core-processenvironment-l1-1-0.dll|66012263fdc48ac26001f3814bcabf20|332|224|8450|12|10|2048|1024|0|0|4096|8192|268435456|4096|512|10|0|10|0|10|0|12288|1024|81127|3|1344|262144|4096|1048576|4096|0|16|2|0|0|0|21|1|0|0|0|0|0|0|0|0|1
api-ms-win-core-processthreads-l1-1-0.dll|08d5b94e8b88fc6aaaa67969b03640e2|332|224|8450|12|10|3072|1024|0|0|4096|8192|268435456|4096|512|10|0|10|0|10|0|12288|1024|42013|3|1344|262144|4096|1048576|4096|0|16|2|0|0|0|49|1|0|0|0|0|0|0|0|0|1
api-ms-win-core-processthreads-l1-1-1.dll|94015263f243bf376bf138dfb1cb7b46|332|224|8450|12|10|1536|1024|0|0|4096|8192|268435456|4096|512|10|0|10|0|10|0|12288|1024|33888|3|1344|262144|4096|1048576|4096|0|16|2|0|0|0|14|1|0|0|0|0|0|0|0|0|1
api-ms-win-core-profile-l1-1-0.dll|d6f950aede59a00c9ae0affe0b63b6a4|332|224|8450|12|10|512|1024|0|0|4096|8192|268435456|4096|512|10|0|10|0|10|0|12288|1024|33036|3|1344|262144|4096|1048576|4096|0|16|2|0|0|0|2|1|0|0|0|0|0|0|0|0|1
api-ms-win-core-rtlsupport-l1-1-0.dll|e2dc3af0989b0f05159851ee4453cebd|332|224|8450|12|10|512|1024|0|0|4096|8192|268435456|4096|512|10|0|10|0|10|0|12288|1024|57693|3|1344|262144|4096|1048576|4096|0|16|2|0|0|0|3|1|0|0|0|0|0|0|0|0|1
api-ms-win-core-string-l1-1-0.dll|1292ae17b93cc2f8504d025fd1b71a01|332|224|8450|12|10|1024|1024|0|0|4096|8192|268435456|4096|512|10|0|10|0|10|0|12288|1024|48435|3|1344|262144|4096|1048576|4096|0|16|2|0|0|0|8|1|0|0|0|0|0|0|0|0|1
api-ms-win-core-synch-l1-1-0.dll|230070639ef8c8833d67782526d9e8fc|332|224|8450|12|10|3072|1024|0|0|4096|8192|268435456|4096|512|10|0|10|0|10|0|12288|1024|65368|3|1344|262144|4096|1048576|4096|0|16|2|0|0|0|41|1|0|0|0|0|0|0|0|0|1
api-ms-win-core-synch-l1-2-0.dll|e38bd734e85d06860085772a7ceac43e|332|224|8450|12|10|1536|1024|0|0|4096|8192|268435456|4096|512|10|0|10|0|10|0|12288|1024|47410|3|1344|262144|4096|1048576|4096|0|16|2|0|0|0|17|1|0|0|0|0|0|0|0|0|1
api-ms-win-core-sysinfo-l1-1-0.dll|f69d3b75d2becfc53a29ce3decf62fe7|332|224|8450|12|10|2048|1024|0|0|4096|8192|268435456|4096|512|10|0|10|0|10|0|12288|1024|63145|3|1344|262144|4096|1048576|4096|0|16|2|0|0|0|22|1|0|0|0|0|0|0|0|0|1
api-ms-win-core-timezone-l1-1-0.dll|4dab6a8fe6c24b68fb16a3a6b58c1faf|332|224|8450|12|10|1024|1024|0|0|4096|8192|268435456|4096|512|10|0|10|0|10|0|12288|1024|37206|3|1344|262144|4096|1048576|4096|0|16|2|0|0|0|9|1|0|0|0|0|0|0|0|0|1
api-ms-win-core-util-l1-1-0.dll|1d9c2a07188ccfaf5e0f550abd56386a|332|224|8450|12|10|1024|1024|0|0|4096|8192|268435456|4096|512|10|0|10|0|10|0|12288|1024|38666|3|1344|262144|4096|1048576|4096|0|16|2|0|0|0|5|1|0|0|0|0|0|0|0|0|1
api-ms-win-crt-conio-l1-1-0.dll|be3a982da0d0fd0b06d08ba4bb75e608|332|224|8450|12|10|2048|1024|0|0|4096|8192|268435456|4096|512|10|0|10|0|10|0|12288|1024|57158|3|1344|262144|4096|1048576|4096|0|16|2|0|0|0|30|1|0|0|0|0|0|0|0|0|1
api-ms-win-crt-convert-l1-1-0.dll|c08072b6f3943d9695fff0be053b7296|332|224|8450|12|10|5120|1024|0|0|4096|12288|268435456|4096|512|10|0|10|0|10|0|16384|1024|38742|3|1344|262144|4096|1048576|4096|0|16|2|0|0|0|122|1|0|0|0|0|0|0|0|0|1
api-ms-win-crt-environment-l1-1-0.dll|e5e1a3ef0c1cf856dca6f71c239bfcde|332|224|8450|12|10|1536|1024|0|0|4096|8192|268435456|4096|512|10|0|10|0|10|0|12288|1024|55482|3|1344|262144|4096|1048576|4096|0|16|2|0|0|0|18|1|0|0|0|0|0|0|0|0|1
api-ms-win-crt-filesystem-l1-1-0.dll|4265854cf7082a0effaca9913ba1b584|332|224|8450|12|10|3072|1024|0|0|4096|8192|268435456|4096|512|10|0|10|0|10|0|12288|1024|77020|3|1344|262144|4096|1048576|4096|0|16|2|0|0|0|65|1|0|0|0|0|0|0|0|0|1
api-ms-win-crt-heap-l1-1-0.dll|b811b6df1b996ecb5bc65ccb5275e3ce|332|224|8450|12|10|2048|1024|0|0|4096|8192|268435456|4096|512|10|0|10|0|10|0|12288|1024|48131|3|1344|262144|4096|1048576|4096|0|16|2|0|0|0|27|1|0|0|0|0|0|0|0|0|1
api-ms-win-crt-locale-l1-1-0.dll|776384baba12ee60dd9caa8fc65ac017|332|224|8450|12|10|1536|1024|0|0|4096|8192|268435456|4096|512|10|0|10|0|10|0|12288|1024|74049|3|1344|262144|4096|1048576|4096|0|16|2|0|0|0|20|1|0|0|0|0|0|0|0|0|1
api-ms-win-crt-math-l1-1-0.dll|c45a47b83a34843225ecd6dda2114af4|332|224|8450|12|10|11776|1024|0|0|4096|16384|268435456|4096|512|10|0|10|0|10|0|20480|1024|66124|3|1344|262144|4096|1048576|4096|0|16|2|0|0|0|314|1|0|0|0|0|0|0|0|0|1
api-ms-win-crt-multibyte-l1-1-0.dll|94d26026d6b10f2cea7b6125813471ba|332|224|8450|12|10|9216|1024|0|0|4096|16384|268435456|4096|512|10|0|10|0|10|0|20480|1024|30001|3|1344|262144|4096|1048576|4096|0|16|2|0|0|0|200|1|0|0|0|0|0|0|0|0|1
api-ms-win-crt-private-l1-1-0.dll|d7d5dc0cc105ea8cf525862b4567637f|332|224|8450|12|10|55808|1024|0|0|4096|61440|268435456|4096|512|10|0|10|0|10|0|65536|1024|134961|3|1344|262144|4096|1048576|4096|0|16|2|0|0|0|1162|1|0|0|0|0|0|0|0|0|1
api-ms-win-crt-process-l1-1-0.dll|0b21712051d25cc0666f5e6d41b64bb8|332|224|8450|12|10|2048|1024|0|0|4096|8192|268435456|4096|512|10|0|10|0|10|0|12288|1024|71768|3|1344|262144|4096|1048576|4096|0|16|2|0|0|0|36|1|0|0|0|0|0|0|0|0|1
api-ms-win-crt-runtime-l1-1-0.dll|fb2dc78b138f3fe4b7e5b3a3cf9760e4|332|224|8450|12|10|5632|1024|0|0|4096|12288|268435456|4096|512|10|0|10|0|10|0|16384|1024|48427|3|1344|262144|4096|1048576|4096|0|16|2|0|0|0|107|1|0|0|0|0|0|0|0|0|1
api-ms-win-crt-stdio-l1-1-0.dll|125c4539da3d6aee3a2942bced7f06a3|332|224|8450|12|10|7168|1024|0|0|4096|12288|268435456|4096|512|10|0|10|0|10|0|16384|1024|27628|3|1344|262144|4096|1048576|4096|0|16|2|0|0|0|159|1|0|0|0|0|0|0|0|0|1
api-ms-win-crt-string-l1-1-0.dll|290a004945b199b2aed82959b1623626|332|224|8450|12|10|7168|1024|0|0|4096|12288|268435456|4096|512|10|0|10|0|10|0|16384|1024|26808|3|1344|262144|4096|1048576|4096|0|16|2|0|0|0|178|1|0|0|0|0|0|0|0|0|1
api-ms-win-crt-time-l1-1-0.dll|dfd30f7dd0c43184de48d97d16cd5b41|332|224|8450|12|10|3584|1024|0|0|4096|8192|268435456|4096|512|10|0|10|0|10|0|12288|1024|84233|3|1344|262144|4096|1048576|4096|0|16|2|0|0|0|72|1|0|0|0|0|0|0|0|0|1
api-ms-win-crt-utility-l1-1-0.dll|156fb885f50d94624ca16289f21c1d66|332|224|8450|12|10|1536|1024|0|0|4096|8192|268435456|4096|512|10|0|10|0|10|0|12288|1024|71734|3|1344|262144|4096|1048576|4096|0|16|2|0|0|0|30|1|0|0|0|0|0|0|0|0|1
concrt140.dll|092b95b9308e2827a3b1598add0e306d|332|224|8482|14|0|198656|29184|0|165184|4096|204800|268435456|4096|512|6|0|10|0|6|0|241664|1024|282967|3|16704|1048576|4096|1048576|4096|0|16|5|8|130|0|0|0|291|1|0|0|0|0|0|0|92|0|1
msvcp140.dll|cfbdf284c12056347e6773cb3949fbba|332|224|8482|14|0|394240|32768|0|241840|4096|401408|268435456|4096|512|6|0|10|0|6|0|446464|1024|441742|3|16704|1048576|4096|1048576|4096|0|16|6|14|173|0|0|0|1515|1|0|0|0|0|0|0|92|0|1
rtmcodecs.dll|5822ae3f97499e7821b75d3d38473d4a|332|224|8450|14|0|2070528|952320|0|1040124|4096|2076672|268435456|4096|512|6|0|0|0|6|0|3043328|1024|0|3|320|1048576|4096|1048576|4096|0|16|7|22|371|0|0|0|130|2|0|0|0|0|0|0|92|0|1
RtmMediaManager.dll|a10d25fc27b118f361e9e853a8414367|332|224|8450|14|0|733696|209408|0|703850|4096|741376|268435456|4096|512|6|0|0|0|6|0|966656|1024|0|3|320|1048576|4096|1048576|4096|0|16|7|12|226|0|0|0|11|2|0|0|0|0|0|0|92|0|1
rtmpal.dll|a70bfb8e28761d21c6e28700421b4b74|332|224|8450|14|0|450048|223232|0|35753|4096|454656|268435456|4096|512|6|0|0|0|6|0|692224|1024|0|3|320|1048576|4096|1048576|4096|0|16|7|28|464|0|0|0|543|2|0|0|0|0|0|0|92|0|1
RtmpLtFm.dll|cfee65b767fc9f0b56874476d1634918|332|224|8450|14|0|8512512|2559488|0|4346352|4096|8519680|268435456|4096|512|6|0|0|0|6|0|11096064|1024|0|3|320|1048576|4096|1048576|4096|0|16|8|18|683|0|0|0|43|2|0|0|0|0|0|0|92|0|1
Skype.exe|74f5d8ad5afbc38aa42c1ca58ef32325|332|224|33166|2|25|8412160|19408896|0|8415716|4096|8421376|4194304|4096|512|5|0|0|0|5|0|27938816|1024|27849478|2|33088|1048576|16384|1048576|4096|0|16|10|49|2157|0|0|0|0|307|0|0|0|0|0|0|0|0|1
Skype4COM.dll|70ccaf5c697e1765520555fc31921213|332|224|8450|12|0|1271296|1303040|0|831824|4096|1277952|671088640|4096|512|5|1|0|0|5|1|2588672|1024|2589762|2|320|1048576|4096|1048576|4096|0|16|5|9|270|0|0|0|4|133|0|0|0|0|0|0|72|0|1
SkypeResources.dll|df2c560bc4d6d5e3b89e6576ed67b8d4|332|224|8450|14|0|0|16430080|0|0|4096|4096|268435456|4096|512|6|0|0|0|6|0|16441344|512|16501075|2|1344|1048576|4096|1048576|4096|0|16|2|0|0|0|0|0|0|0|0|0|0|0|0|0|1
skypert.dll|d47e4cd4d6b10e2cf3a792f6ee07b808|332|224|8450|14|0|1398272|638976|0|1324381|4096|1404928|268435456|4096|512|6|0|0|0|6|0|2056192|1024|0|3|320|1048576|4096|1048576|4096|0|16|7|25|412|0|0|0|1445|2|0|0|0|0|0|0|92|0|1
SkypeSkylib.dll|e600c4d1d85533e8ba26b3d5365717f7|332|224|8450|14|0|19167232|8743936|0|15808549|4096|19173376|268435456|4096|512|6|0|0|0|6|0|27934720|1024|0|2|320|1048576|4096|1048576|4096|0|16|7|30|1145|0|0|0|1367|1|0|0|0|0|0|0|92|0|1
ssScreenVVS2.dll|8977748531b9516340d5b0641dc17a29|332|224|8450|14|0|55296|35328|0|54226|4096|61440|268435456|4096|512|6|0|0|0|6|0|106496|1024|0|3|320|1048576|4096|1048576|4096|0|16|6|10|116|0|0|0|1|2|0|0|0|0|0|0|92|0|1
ucrtbase.dll|d0d8cf4e5302fdef07168d7ce184de5d|332|224|8450|12|10|870912|37376|0|190128|4096|876544|268435456|4096|512|10|0|10|0|5|1|921600|1024|940446|3|16704|262144|4096|1048576|4096|0|16|5|25|143|0|0|0|2540|1|0|0|0|0|0|0|104|0|1
vccorlib140.dll|eb977a48cb599861361188190ae80e49|332|224|8482|14|0|208384|43008|0|176192|4096|212992|268435456|4096|512|6|0|10|0|6|0|266240|1024|312953|3|16704|1048576|4096|1048576|4096|0|16|6|12|111|0|0|0|256|1|0|0|0|0|0|0|92|0|1
vcruntime140.dll|8e65e033799eb9fd46bc5c184e7d1b85|332|224|8482|14|0|59392|8704|0|43408|4096|65536|268435456|4096|512|6|0|10|0|6|0|86016|1024|128244|3|16704|1048576|4096|1048576|4096|0|16|6|6|40|0|0|0|81|1|0|0|0|0|0|0|92|0|1
VideoN.dll|bcc4d4044c53228fbb60a2b0d09c2033|332|224|8450|14|0|68096|22016|0|65352|4096|73728|268435456|4096|512|5|1|0|0|5|1|106496|1024|0|3|320|1048576|4096|1048576|4096|0|16|6|9|123|0|0|0|1|1|0|0|0|0|0|0|92|0|1
downlWithIDM.dll|f2e331b0961620a633a46875d8994768|332|224|8462|6|0|40960|45056|0|40973|4096|45056|268435456|4096|4096|4|0|0|0|4|0|90112|4096|135449|2|0|1048576|4096|1048576|4096|0|16|5|7|121|0|0|0|4|6|0|0|0|0|0|0|0|0|0
downlWithIDM64.dll|1dc112e80e26bf5b87f98330823b3ba7|34404|240|8226|9|0|71680|69632|0|68672|4096|0|6442450944|4096|512|5|2|0|0|5|2|159744|1024|188208|2|0|1048576|4096|1048576|4096|0|16|6|7|150|0|0|0|4|7|0|0|0|0|0|0|0|0|0
IDMan.exe|cf64e84bbafeb46043c61e71384bc129|332|224|271|6|0|1880064|1523712|0|1606447|4096|1884160|4194304|4096|4096|4|0|0|0|4|0|3432448|4096|3440524|2|0|1048576|4096|1048576|4096|0|16|4|14|566|0|0|0|0|269|0|0|0|0|0|0|0|0|0
idmbrbtn.dll|695ab51574936100bdc3c451943452b0|332|224|8450|9|0|32256|37376|0|34114|4096|36864|268435456|4096|512|4|0|0|0|4|0|81920|1024|85600|2|256|1048576|4096|1048576|4096|0|16|5|7|146|0|0|0|4|22|0|0|0|0|0|0|72|0|0
idmbrbtn64.dll|4eea595ec7f5d4c9b2851993b68ced95|34404|240|8226|9|0|38912|44032|0|40864|4096|0|6442450944|4096|512|5|2|0|0|5|2|102400|1024|106260|2|256|1048576|4096|1048576|4096|0|16|6|7|142|0|0|0|4|22|0|0|0|0|0|0|0|0|0
idmcchandler.dll|fc324baf88f743da30e0dbd94bacc9cf|332|224|8462|6|0|368640|90112|0|352019|4096|372736|268435456|4096|4096|4|0|0|0|4|0|462848|4096|522374|2|0|1048576|4096|1048576|4096|0|16|5|10|157|0|0|0|8|1|0|0|0|0|0|0|0|0|0
idmcchandler64.dll|ed828b124011af7a870fe22f05e69b53|34404|240|8226|9|0|450560|224256|0|386944|4096|0|6442450944|4096|512|5|2|0|0|5|2|692224|1024|734650|2|0|1048576|4096|1048576|4096|0|16|6|10|181|0|0|0|8|2|0|0|0|0|0|0|0|0|0
idmfsa.dll|a148f3eb5e8b966bab691dda2494f6f2|332|224|8462|6|0|36864|40960|0|17793|4096|40960|268435456|4096|4096|4|0|0|0|4|0|81920|4096|87617|2|0|1048576|4096|1048576|4096|0|16|6|6|114|0|0|0|4|4|0|0|0|0|0|0|0|0|0
idmftype.dll|ea1a320b897268bd6accfeddb31b9cab|332|224|8450|9|0|23552|10752|0|25606|4096|28672|268435456|4096|512|4|0|0|0|4|0|49152|1024|61562|3|320|1048576|4096|1048576|4096|0|16|5|3|57|0|0|0|2|2|0|0|0|0|0|0|72|0|0
IDMFType64.dll|b25f0267a837c68c9665caebc317cc5a|34404|240|8226|9|0|29184|13312|0|31804|4096|0|6442450944|4096|512|5|2|0|0|5|2|61440|1024|89376|3|320|1048576|4096|1048576|4096|0|16|6|3|57|0|0|0|2|2|0|0|0|0|0|0|0|0|0
IDMGetAll.dll|17306b512c935c4cb94028db6de883b0|332|224|8462|6|0|24576|20480|0|25967|4096|28672|268435456|4096|4096|4|0|0|0|4|0|49152|4096|55286|2|0|1048576|4096|1048576|4096|0|16|5|7|96|0|0|0|4|4|0|0|0|0|0|0|0|0|0
IDMGetAll64.dll|76e2692cb2f5a6fe4b8aed972fad9be7|34404|240|8226|9|0|49664|30720|0|47232|4096|0|6442450944|4096|512|5|2|0|0|5|2|98304|1024|110079|2|0|1048576|4096|1048576|4096|0|16|6|7|126|0|0|0|4|5|0|0|0|0|0|0|0|0|0
IDMGrHlp.exe|b7bed782786100f8220fe87ac2401c90|332|224|271|6|0|184320|110592|0|79178|4096|188416|4194304|4096|4096|4|0|0|0|4|0|299008|4096|331645|2|0|1048576|4096|1048576|4096|0|16|4|13|325|0|0|0|0|27|0|0|0|0|0|0|0|0|0
IDMIECC.dll|ec9b79503155f56e9502afde8c703b78|332|224|8462|6|0|139264|61440|0|131628|4096|143360|268435456|4096|4096|4|0|0|0|4|0|204800|4096|262307|2|0|1048576|4096|1048576|4096|0|16|5|9|192|0|0|0|6|6|0|0|0|0|0|0|0|0|0
IDMIECC64.dll|88478750b97129e27a125f4994ec637d|34404|240|8226|9|0|235008|118784|0|207984|4096|0|6442450944|4096|512|5|2|0|0|5|2|372736|1024|401665|2|0|1048576|4096|1048576|4096|0|16|6|9|221|0|0|0|6|7|0|0|0|0|0|0|0|0|0
IDMIntegrator64.exe|a27f1c97fa55ce60d11139875794a124|34404|240|35|9|0|34304|23552|0|9340|4096|0|5368709120|4096|512|5|2|0|0|5|2|77824|1024|80588|2|32768|1048576|4096|1048576|4096|0|16|5|6|84|0|0|0|0|2|0|0|0|0|0|0|0|0|0
idmmkb.dll|706dd70fe7ea8b4362e7a4817ff6baf8|332|224|8462|6|0|8192|20480|0|8859|4096|12288|268435456|4096|4096|4|0|0|0|4|0|32768|4096|55139|2|0|1048576|4096|1048576|4096|0|16|6|4|35|0|0|0|8|1|0|0|0|0|0|0|0|0|0
IDMNetMon.dll|718335f6e466d4f03e9995300d756d42|332|224|8450|9|0|70144|31232|0|53426|4096|77824|268435456|4096|512|5|0|0|0|5|0|114688|1024|160239|2|448|1048576|4096|1048576|4096|0|16|5|7|127|0|0|0|1|2|0|0|0|0|0|0|72|0|0
IDMNetMon64.dll|fe3d4cda81b7fbb6bfa215342ac8da76|34404|240|8226|9|0|92672|41984|0|66212|4096|0|6442450944|4096|512|5|2|0|0|5|2|151552|1024|180953|2|448|1048576|4096|1048576|4096|0|16|6|7|129|0|0|0|1|2|0|0|0|0|0|0|0|0|0
IDMShellExt.dll|7232b8747e3884f8715290187eb6611e|332|224|8450|9|0|5632|8192|0|8404|4096|12288|268435456|4096|512|5|0|0|0|5|0|28672|1024|75457|2|448|1048576|4096|1048576|4096|0|16|5|5|45|0|0|0|5|2|0|0|0|0|0|0|72|0|0
IDMShellExt64.dll|1143418413cf7f0d1cd42246ee03e458|34404|240|8226|9|0|6144|8192|0|9104|4096|0|6442450944|4096|512|5|2|0|0|5|2|32768|1024|80291|2|448|1048576|4096|1048576|4096|0|16|6|5|43|0|0|0|5|2|0|0|0|0|0|0|0|0|0
idmtdi32.sys|330a6a0baf4fd945bde14c7b1d88d9b9|332|224|258|8|0|82432|10624|0|3392|1152|75648|65536|128|128|6|0|6|0|5|0|94208|1152|124815|1|1152|262144|4096|1048576|4096|0|16|7|3|107|0|0|0|0|1|0|0|0|0|0|0|0|0|0
idmtdi64.sys|0b580852ce63edf54ccd6c2f7e35145f|34404|240|34|9|0|133120|23552|0|4112|4096|0|65536|4096|512|6|1|6|1|5|2|176128|1024|189592|1|128|262144|4096|1048576|4096|0|16|8|2|94|0|0|0|0|1|0|0|0|0|0|0|0|0|0
idmwfp32.sys|2714bb9e5c05bebf8488207a1b5a5f62|332|224|258|9|0|71168|10240|0|4784|4096|69632|65536|4096|512|6|1|6|1|6|0|102400|1024|126239|1|1152|262144|4096|1048576|4096|0|16|7|4|104|0|0|0|0|1|0|0|0|0|0|0|0|0|0
idmwfp64.sys|71359fc89451bf54fa06f049d3a87adf|34404|240|34|9|0|114688|22016|0|4112|4096|0|65536|4096|512|6|1|6|1|6|0|159744|1024|167663|1|128|262144|4096|1048576|4096|0|16|8|3|93|0|0|0|0|1|0|0|0|0|0|0|0|0|0
IEMonitor.exe|207b16fa69f61d1895f8d8532f587e4b|332|224|271|6|0|163840|106496|0|55450|4096|167936|4194304|4096|4096|4|0|0|0|4|0|274432|4096|280633|2|0|1048576|4096|1048576|4096|0|16|4|12|334|0|0|0|0|26|0|0|0|0|0|0|0|0|0
Kprocess.exe|6409a9ddb7d903e399db132910329a55|332|224|259|9|0|72192|35840|0|46261|4096|77824|4194304|4096|512|5|0|0|0|5|0|184320|1024|0|2|34048|1048576|4096|1048576|4096|0|16|5|10|166|0|0|0|0|17|0|0|0|0|0|0|0|0|0
License.exe|12eb1f5e6e33853fa3ebf4c59a2a4956|332|224|259|9|0|72192|35840|0|46261|4096|77824|4194304|4096|512|5|0|0|0|5|0|184320|1024|0|2|34048|1048576|4096|1048576|4096|0|16|5|10|166|0|0|0|0|17|0|0|0|0|0|0|0|0|0
unins000.exe|17424000c00309b2f599582be5d86978|332|224|33167|2|25|615936|268288|0|618984|4096|622592|4194304|4096|512|1|0|6|0|4|0|950272|1024|0|2|32768|1048576|16384|1048576|4096|0|16|8|17|425|0|0|0|0|56|0|0|0|0|0|0|0|0|0
Uninstall.exe|9ff896e6fed133aa23836263c3ca74ef|332|224|271|6|0|41984|116736|0|45374|4096|49152|4194304|4096|512|4|0|0|0|4|0|172032|1024|206709|2|0|1048576|4096|1048576|4096|0|16|4|9|173|0|0|0|0|21|0|0|0|0|0|0|0|0|0
